{
  "confidence_before": {
    "mean": 0.5099859833717346,
    "std": 0.00021251502039376646,
    "min": 0.5093734264373779,
    "max": 0.5105900168418884,
    "median": 0.5099802613258362
  },
  "confidence_after": {
    "mean": 0.6037715673446655,
    "std": 0.06304369866847992,
    "min": 0.5011569261550903,
    "max": 0.774577796459198,
    "median": 0.5940344333648682
  },
  "attack_prob_before": {
    "mean": 0.49001404643058777,
    "std": 0.00021251439466141164,
    "min": 0.48941001296043396,
    "max": 0.49062657356262207,
    "median": 0.4900197386741638
  },
  "attack_prob_after": {
    "mean": 0.3994786739349365,
    "std": 0.06810661405324936,
    "min": 0.22542214393615723,
    "max": 0.5609375834465027,
    "median": 0.40596556663513184
  },
  "changes": {
    "confidence_mean_change": 0.09378558397293091,
    "confidence_std_change": 0.06283118575811386,
    "attack_prob_mean_change": -0.09053537249565125,
    "high_conf_before_pct": 0.0,
    "high_conf_after_pct": 0.0,
    "low_conf_before_pct": 0.0,
    "low_conf_after_pct": 0.0
  }
}