{
  "base_model": {
    "accuracy_mean": 1.0,
    "accuracy_std": 0.0,
    "macro_f1_mean": 1.0,
    "macro_f1_std": 0.0,
    "mcc_mean": 0.0,
    "mcc_std": 0.0,
    "confusion_matrix": [
      [
        1666
      ]
    ],
    "roc_curve": {
      "fpr": [
        0.0,
        0.0006002400960384153,
        0.009603841536614645,
        0.010804321728691477,
        0.015606242496998799,
        0.01680672268907563,
        0.030612244897959183,
        0.033013205282112844,
        0.034213685474189674,
        0.035414165666266505,
        0.03721488595438175,
        0.03961584633853541,
        0.040216086434573826,
        0.04141656662665066,
        0.04561824729891957,
        0.0468187274909964,
        0.04921968787515006,
        0.05042016806722689,
        0.05102040816326531,
        0.05222088835534214,
        0.13445378151260504,
        0.13565426170468187,
        0.13865546218487396,
        0.1398559423769508,
        0.14765906362545017,
        0.148859543817527,
        0.15366146458583432,
        0.15486194477791115,
        0.15906362545018007,
        0.16146458583433373,
        0.16626650660264106,
        0.1674669867947179,
        0.17046818727490998,
        0.1716686674669868,
        0.1722689075630252,
        0.17346938775510204,
        0.18007202881152462,
        0.18127250900360145,
        0.19027611044417767,
        0.19207683073229292,
        0.23949579831932774,
        0.24069627851140457,
        0.2647058823529412,
        0.265906362545018,
        0.2665066026410564,
        0.26770708283313327,
        0.287515006002401,
        0.2887154861944778,
        0.3037214885954382,
        0.3055222088835534,
        0.31092436974789917,
        0.31212484993997597,
        0.3187274909963986,
        0.3199279711884754,
        0.3307322929171669,
        0.3319327731092437,
        0.3469387755102041,
        0.34813925570228094,
        0.36614645858343337,
        0.3673469387755102,
        0.3751500600240096,
        0.37635054021608644,
        0.3787515006002401,
        0.3799519807923169,
        0.38835534213685474,
        0.3895558223289316,
        0.39315726290516206,
        0.3943577430972389,
        0.3985594237695078,
        0.3997599039615846,
        0.4129651860744298,
        0.4141656662665066,
        0.45018007202881155,
        0.45138055222088835,
        0.46638655462184875,
        0.46758703481392555,
        0.4891956782713085,
        0.49039615846338536,
        0.492797118847539,
        0.4939975990396158,
        0.5006002400960384,
        0.5018007202881153,
        0.5066026410564226,
        0.5078031212484994,
        0.5354141656662665,
        0.5366146458583433,
        0.5480192076830732,
        0.5492196878751501,
        0.5624249699879952,
        0.563625450180072,
        0.5666266506602641,
        0.5678271308523409,
        0.5732292917166867,
        0.5744297719087635,
        0.5786314525810324,
        0.5798319327731093,
        0.5948379351740696,
        0.5996398559423769,
        0.6056422569027611,
        0.6074429771908764,
        0.6680672268907563,
        0.6692677070828331,
        0.6932773109243697,
        0.6944777911164466,
        0.695078031212485,
        0.6962785114045619,
        0.709483793517407,
        0.7106842737094838,
        0.7286914765906363,
        0.7298919567827131,
        0.7839135654261705,
        0.7851140456182473,
        0.8025210084033614,
        0.8037214885954381,
        0.8253301320528211,
        0.826530612244898,
        0.8553421368547419,
        0.8565426170468188,
        0.8589435774309724,
        0.8601440576230492,
        0.8895558223289316,
        0.8907563025210085,
        1.0
      ],
      "tpr": [
        NaN,
        NaN,
        NaN,
        NaN,
        NaN,
        NaN,
        NaN,
        NaN,
        NaN,
        NaN,
        NaN,
        NaN,
        NaN,
        NaN,
        NaN,
        NaN,
        NaN,
        NaN,
        NaN,
        NaN,
        NaN,
        NaN,
        NaN,
        NaN,
        NaN,
        NaN,
        NaN,
        NaN,
        NaN,
        NaN,
        NaN,
        NaN,
        NaN,
        NaN,
        NaN,
        NaN,
        NaN,
        NaN,
        NaN,
        NaN,
        NaN,
        NaN,
        NaN,
        NaN,
        NaN,
        NaN,
        NaN,
        NaN,
        NaN,
        NaN,
        NaN,
        NaN,
        NaN,
        NaN,
        NaN,
        NaN,
        NaN,
        NaN,
        NaN,
        NaN,
        NaN,
        NaN,
        NaN,
        NaN,
        NaN,
        NaN,
        NaN,
        NaN,
        NaN,
        NaN,
        NaN,
        NaN,
        NaN,
        NaN,
        NaN,
        NaN,
        NaN,
        NaN,
        NaN,
        NaN,
        NaN,
        NaN,
        NaN,
        NaN,
        NaN,
        NaN,
        NaN,
        NaN,
        NaN,
        NaN,
        NaN,
        NaN,
        NaN,
        NaN,
        NaN,
        NaN,
        NaN,
        NaN,
        NaN,
        NaN,
        NaN,
        NaN,
        NaN,
        NaN,
        NaN,
        NaN,
        NaN,
        NaN,
        NaN,
        NaN,
        NaN,
        NaN,
        NaN,
        NaN,
        NaN,
        NaN,
        NaN,
        NaN,
        NaN,
        NaN,
        NaN,
        NaN,
        NaN
      ],